id,gender,age
9046,Male,67
51676,Female,61
31112,Male,80
60182,Female,49
1665,Female,79
56669,Male,81
53882,Male,74
10434,Female,69
27419,Female,59
60491,Female,78
12109,Female,81
12095,Female,61
12175,Female,54
8213,Male,78
5317,Female,79
58202,Female,50
56112,Male,64
34120,Male,75
27458,Female,60
25226,Male,57
70630,Female,71
13861,Female,52
68794,Female,79
64778,Male,82
4219,Male,71
70822,Male,80
38047,Female,65
61843,Male,58
54827,Male,69
69160,Male,59
43717,Male,57
33879,Male,42
39373,Female,82
54401,Male,80
14248,Male,48
712,Female,82
47269,Male,74
24977,Female,72
47306,Male,58
62602,Female,49
4651,Male,78
1261,Male,54
61960,Male,82
1845,Female,63
7937,Male,60
19824,Male,76
37937,Female,75
47472,Female,58
35626,Male,81
36338,Female,39
18587,Female,76
15102,Male,78
59190,Female,79
47167,Female,77
8752,Female,63
25831,Male,63
38829,Female,82
66400,Male,78
58631,Male,73
5111,Female,54
10710,Female,56
55927,Female,80
65842,Female,67
19557,Female,45
7356,Male,75
17013,Male,78
17004,Female,70
72366,Male,76
6118,Male,59
7371,Female,80
70676,Female,76
2326,Female,67
27169,Female,66
50784,Male,63
19773,Female,52
66159,Female,80
36236,Male,80
71673,Female,79
45805,Female,51
42117,Male,43
57419,Male,59
26015,Female,66
26727,Female,79
66638,Female,68
70042,Male,58
32399,Male,54
3253,Male,61
71796,Female,70
14499,Male,47
49130,Male,74
28291,Female,79
51169,Male,81
66315,Female,57
37726,Female,80
54385,Male,45
2458,Female,78
35512,Female,70
56841,Male,58
8154,Male,57
4639,Female,69
12363,Male,64
63973,Female,77
45277,Female,74
4712,Female,81
33175,Female,57
2346,Male,58
42072,Female,50
12062,Female,54
30456,Female,79
59125,Female,53
56546,Male,79
48405,Male,80
36706,Female,76
41069,Female,45
71639,Female,68
53401,Male,71
60744,Male,61
7547,Male,74
31720,Female,38
5563,Female,77
68798,Female,58
72918,Female,53
13491,Male,80
44033,Male,56
14164,Female,72
50522,Female,72
3352,Male,78
70943,Female,80
37132,Male,82
48796,Female,75
53440,Female,73
16817,Female,78
69551,Male,69
31563,Female,38
20387,Female,68
71279,Female,71
55824,Male,76
11762,Female,76
29281,Male,76
30683,Female,75
20439,Male,82
45965,Female,59
8045,Female,74
37651,Female,69
17308,Female,72
67981,Male,66
41241,Male,65
62861,Female,78
72081,Female,57
58978,Female,70
11933,Female,79
46703,Male,68
32503,Female,80
12482,Male,68
56939,Female,55
24669,Female,77
43054,Female,50
59437,Female,57
66258,Female,71
34567,Female,81
50931,Female,76
16590,Male,71
69768,Female,1.32
20426,Female,78
3512,Female,70
42899,Male,78
63453,Female,56
43364,Male,79
44993,Female,79
210,Male,81
28939,Male,64
60739,Female,79
67432,Female,60
2182,Female,80
40899,Female,78
14431,Male,72
62466,Female,80
36841,Male,78
33486,Female,80
65105,Male,81
54567,Female,46
66204,Male,59
39912,Female,32
8003,Female,77
28378,Male,61
41081,Male,63
16077,Male,63
67895,Female,82
30184,Male,82
66955,Male,61
24905,Female,65
66071,Male,51
36255,Male,59
69112,Male,68
23410,Female,72
64373,Male,59
58267,Male,70
35684,Male,69
18937,Male,79
491,Female,74
54695,Male,74
68627,Male,80
8580,Female,77
28484,Female,78
62019,Male,54
51314,Female,78
37060,Female,81
35578,Male,78
54921,Male,78
33454,Female,63
33943,Female,39
62439,Female,51
31179,Male,63
66866,Female,48
2548,Female,81
68025,Female,79
2390,Male,78
29552,Female,55
25904,Female,76
31421,Male,73
20463,Male,81
68023,Male,79
12689,Female,63
54724,Female,81
8899,Male,49
39186,Female,57
32729,Female,81
39105,Male,74
31154,Female,39
69959,Female,80
10552,Female,81
12917,Female,79
68356,Female,73
23368,Female,77
25974,Male,78
1210,Female,68
28493,Male,57
36857,Male,77
1836,Female,51
32221,Male,60
10548,Male,66
52282,Male,57
45535,Male,68
40460,Female,68
17739,Male,57
49669,Female,14
27153,Female,75
34060,Male,71
43424,Female,78
30669,Male,3
30468,Male,58
16523,Female,8
56543,Female,70
46136,Male,14
32257,Female,47
52800,Female,52
41413,Female,75
15266,Female,32
28674,Female,74
10460,Female,79
64908,Male,79
63884,Female,37
37893,Female,37
67855,Female,40
25774,Male,35
19584,Female,20
24447,Female,42
49589,Female,44
17986,Female,79
29217,Female,65
72911,Female,57
47175,Female,49
4057,Male,71
48588,Female,59
70336,Female,25
66767,Female,67
45801,Female,38
36275,Female,54
11577,Female,70
67210,Male,27
29908,Female,47
45222,Male,58
33759,Female,3
40311,Female,58
26325,Male,14
65460,Female,32
36811,Female,23
71750,Female,55
70970,Female,17
42203,Male,59
55680,Male,13
11014,Male,4
44338,Female,16
20980,Male,67
34974,Female,22
71379,Female,45
58261,Female,66
67318,Male,58
28526,Male,69
8831,Female,58
65199,Female,53
43454,Female,78
7282,Male,44
18518,Male,66
41648,Male,27
49003,Male,43
16371,Female,13
42807,Male,51
40181,Female,30
66174,Male,46
45538,Female,43
6319,Female,79
68249,Female,27
55232,Female,38
11120,Female,78
41940,Male,57
72214,Male,61
37089,Female,37
68614,Female,48
1686,Female,29
22284,Male,22
39038,Male,11
21956,Female,22
52134,Male,53
30171,Male,27
4480,Male,76
2982,Female,57
65535,Male,8
29865,Female,21
54918,Female,18
59368,Female,78
65836,Female,78
21130,Male,33
1703,Female,52
16934,Female,51
28799,Male,11
32689,Female,48
56357,Female,82
18051,Female,54
40840,Female,49
10449,Female,24
38805,Female,37
31091,Male,34
45053,Male,64
61837,Female,66
9487,Female,23
49713,Male,68
17608,Female,55
28102,Female,25
1506,Female,48
28333,Female,79
62608,Female,47
40670,Female,20
4630,Female,60
21284,Female,32
49421,Female,66
5973,Male,43
42996,Female,36
66333,Male,52
46785,Female,29
54312,Female,76
21408,Female,39
49916,Male,76
7559,Female,0.64
71038,Male,34
69037,Female,72
58617,Female,43
69064,Female,57
9404,Female,44
8171,Female,4
28286,Male,44
43232,Female,18
10159,Male,41
34402,Female,23
58282,Female,53
64489,Male,56
22706,Female,0.88
71539,Male,25
28637,Female,14
64553,Female,53
31741,Male,4
69936,Female,39
46527,Male,53
22537,Male,5
50611,Male,4
13547,Female,37
63732,Male,70
9608,Male,24
10504,Male,55
37090,Female,70
60148,Male,34
9637,Male,26
44862,Female,39
52173,Male,38
5708,Female,20
23462,Female,17
2374,Male,60
11091,Female,75
70374,Female,31
15528,Male,58
65357,Female,5
49465,Female,13
31143,Female,22
66972,Female,52
55810,Female,61
37031,Female,78
34608,Male,57
36007,Female,21
14123,Female,22
48298,Female,80
54975,Male,7
27213,Male,64
44749,Female,64
46468,Female,38
10913,Male,12
51983,Female,33
27029,Female,3
22320,Female,37
45719,Female,22
129,Female,24
20351,Male,75
530,Female,12
55351,Male,63
67431,Female,52
20546,Female,68
6107,Female,5
50305,Female,56
52342,Female,43
59906,Female,40
59729,Male,53
53144,Female,52
3655,Male,31
11999,Female,63
12985,Female,69
38119,Male,64
3355,Female,64
22091,Female,62
5010,Female,2
67177,Male,53
58600,Male,65
56681,Female,22
56716,Female,26
65946,Male,53
61350,Male,20
17291,Female,63
61465,Male,13
18108,Male,21
48368,Female,65
36471,Male,65
15689,Male,42
8233,Male,72
46436,Male,13
23221,Male,29
31830,Male,59
15296,Female,42
7351,Male,13
66196,Male,75
17718,Female,33
31164,Female,43
48272,Female,11
2893,Female,7
34376,Female,16
18498,Female,44
56735,Female,78
8595,Male,25
621,Male,69
1307,Female,61
35846,Female,43
28645,Female,38
5835,Male,68
46474,Male,26
69687,Female,18
2953,Female,43
11838,Female,43
9179,Female,32
38165,Female,81
63050,Male,25
22470,Male,61
71585,Female,66
15649,Male,54
11974,Male,11
3009,Female,53
32361,Female,78
41523,Male,9
53910,Female,48
67548,Female,31
50441,Male,20
16927,Male,21
28265,Female,42
33404,Male,35
50965,Male,53
21077,Male,60
12982,Male,74
66570,Female,23
29158,Female,55
34299,Female,71
54375,Male,5
37832,Female,14
21058,Female,15
7696,Female,66
34668,Female,56
68483,Female,60
6072,Female,57
51112,Male,29
69673,Female,76
71238,Male,52
63958,Female,42
34511,Female,71
24892,Male,64
29496,Female,39
19939,Female,46
27832,Female,51
27757,Male,31
31279,Male,22
25099,Male,41
67733,Female,28
9201,Female,44
33123,Female,68
21713,Male,49
22622,Male,10
6726,Female,31
17242,Male,67
16380,Male,40
9729,Male,70
56974,Female,38
29933,Female,5
65574,Female,54
17019,Female,30
41800,Female,23
7621,Female,31
6855,Male,72
5374,Male,23
31564,Female,25
26028,Male,51
71808,Female,20
56998,Female,12
14712,Male,57
23094,Male,65
43134,Female,16
40622,Female,43
39383,Female,30
63606,Male,29
46438,Female,54
65144,Female,57
545,Male,42
36331,Male,18
42359,Male,9
20751,Female,26
34641,Male,40
15791,Male,77
68241,Female,15
67780,Female,76
68275,Male,52
13129,Female,55
60902,Male,5
37629,Female,55
58439,Male,36
62936,Male,46
29010,Male,5
36561,Female,39
44912,Male,12
59829,Male,67
45238,Female,1.8
47811,Female,72
61511,Female,0.32
55424,Female,64
36942,Male,27
61697,Male,25
55138,Female,81
39399,Female,32
17148,Male,57
721,Female,52
40448,Male,54
58007,Female,36
15095,Male,18
11960,Male,45
56179,Male,29
24592,Female,51
67744,Female,23
8328,Female,54
32437,Female,54
44315,Male,18
68245,Female,26
25483,Male,72
47732,Male,5
50118,Female,65
55420,Female,42
55709,Female,47
15311,Female,24
53660,Male,57
56553,Male,51
30480,Male,48
31988,Female,56
59807,Female,30
45585,Female,63
39639,Female,46
52063,Female,53
40639,Female,1.08
31090,Male,15
64174,Female,59
8544,Female,24
27377,Male,53
3361,Female,39
61408,Male,23
33552,Male,31
31364,Male,5
7446,Male,44
9906,Female,1.8
65130,Male,40
27794,Male,7
48993,Female,56
30753,Male,42
46809,Male,48
22853,Male,82
12465,Female,52
64849,Female,42
39659,Female,73
24183,Female,55
71533,Male,50
35565,Male,43
34558,Male,33
42553,Female,80
39601,Female,33
46891,Female,74
38987,Male,65
21886,Female,40
5353,Male,52
44300,Female,66
48144,Female,20
46218,Female,51
39745,Female,60
13517,Male,59
36355,Male,58
22678,Female,42
2532,Male,28
52512,Male,57
3579,Female,66
3130,Female,56
5545,Male,48
63693,Male,37
34363,Female,27
23650,Male,15
53515,Male,61
33528,Female,80
23046,Female,43
11068,Male,53
62233,Female,70
7291,Female,58
36814,Female,49
48265,Male,65
10139,Female,54
12662,Male,74
43174,Female,56
72823,Female,79
30567,Male,71
41927,Female,28
54866,Female,9
20364,Female,4
21117,Female,36
50491,Male,78
61013,Male,52
71010,Female,80
23551,Male,28
10997,Female,38
12738,Male,56
57772,Female,75
16615,Male,76
62999,Male,10
68995,Female,48
66184,Male,40
53010,Male,82
967,Male,61
31145,Female,17
54338,Female,58
22870,Male,12
13223,Female,53
57523,Female,26
67932,Female,48
10255,Male,25
68131,Female,27
29873,Male,31
54182,Female,16
61300,Male,20
15274,Female,2
53016,Female,1.8
28848,Male,28
27012,Male,32
7745,Female,35
20541,Female,52
5892,Female,55
66883,Female,42
43196,Female,52
12593,Female,18
51514,Female,13
15553,Female,45
45796,Female,29
31840,Female,12
58767,Female,37
14391,Female,30
22321,Female,44
38184,Female,79
13997,Male,38
41673,Female,45
27796,Female,66
18390,Female,19
63409,Female,49
9752,Female,66
72882,Male,47
49744,Female,59
49086,Female,23
40866,Female,79
47523,Female,37
63561,Male,78
51422,Female,70
56870,Female,34
3590,Female,28
60665,Male,29
40791,Female,13
54304,Female,22
22485,Male,56
18430,Female,81
19234,Female,28
52454,Male,9
13365,Male,50
60983,Male,70
14615,Female,30
50277,Female,51
50811,Male,24
16575,Male,17
1246,Female,43
11176,Male,9
30712,Male,50
31308,Female,49
9612,Male,6
3325,Male,30
52808,Male,73
41513,Female,20
36109,Male,42
53336,Female,79
56831,Female,55
52580,Female,27
55592,Male,71
33723,Female,9
26235,Male,23
16685,Female,71
44583,Female,56
25315,Male,31
58227,Female,64
60810,Male,46
34612,Male,55
8320,Male,2
25595,Female,58
30550,Female,78
49529,Female,1.16
13367,Female,35
33585,Female,64
49785,Female,18
6886,Male,19
38609,Male,47
22159,Female,54
37413,Female,39
4169,Female,37
40055,Female,17
18888,Female,20
45283,Female,31
42503,Female,56
23645,Female,31
62382,Male,82
59521,Male,33
55386,Male,42
22685,Male,20
46745,Male,22
72547,Male,61
26973,Female,31
41033,Female,31
5046,Male,17
71442,Female,30
49624,Male,69
10572,Female,63
55847,Male,19
42441,Male,7
28910,Female,51
10381,Female,38
14387,Male,2
31956,Female,58
17813,Female,69
24665,Female,64
13683,Female,31
7387,Female,59
57011,Female,54
22384,Female,24
24108,Male,19
50053,Male,17
69427,Female,29
21688,Female,42
60777,Female,31
64732,Female,29
42710,Female,23
46683,Female,25
58909,Female,14
51125,Female,66
29077,Female,77
4970,Male,79
58291,Female,52
18616,Female,41
99,Female,31
55529,Male,39
12204,Female,51
21397,Female,40
64633,Female,48
23016,Male,55
18412,Male,41
67412,Female,39
37545,Male,41
10324,Female,5
14491,Male,38
64582,Male,40
25514,Male,12
7663,Male,20
66220,Male,53
71793,Female,21
25458,Female,70
69645,Male,61
53695,Male,70
26692,Female,38
33400,Male,59
67078,Female,36
32352,Female,31
22540,Female,65
26999,Male,61
65218,Male,2
30102,Male,52
49521,Female,33
54643,Male,5
29134,Female,32
68281,Female,54
40350,Female,51
33410,Female,39
39375,Female,40
2543,Female,19
45289,Female,9
12106,Male,53
10792,Female,23
19153,Female,19
47876,Male,1
25283,Female,48
12270,Male,71
49949,Male,44
50826,Female,53
28681,Female,70
41615,Female,1.4
14147,Male,49
41537,Female,17
62332,Female,40
25488,Female,46
45759,Female,32
71929,Male,2
14807,Female,40
16110,Female,19
40970,Male,43
28933,Female,46
11709,Male,71
37154,Female,31
16809,Male,41
13907,Male,65
2314,Male,52
70380,Female,20
63058,Female,77
54071,Female,51
67405,Female,37
28024,Male,49
11730,Female,62
2549,Female,17
17245,Female,28
70852,Male,80
60957,Male,45
19742,Female,37
10782,Female,3
61742,Male,26
4808,Female,71
13571,Male,58
49928,Female,59
52688,Male,74
24099,Male,17
65698,Female,62
47885,Male,37
13948,Female,19
17351,Female,59
820,Female,59
55721,Male,62
72310,Male,80
24115,Female,54
65766,Female,27
42482,Female,4
25627,Male,81
7122,Female,41
48755,Male,27
33551,Female,51
62716,Female,59
68438,Female,51
41148,Male,71
14924,Male,48
47950,Female,49
8008,Female,35
56089,Female,25
9262,Female,31
71896,Female,68
38623,Male,39
26503,Female,32
5475,Female,39
15525,Female,63
48748,Female,69
11745,Female,29
17733,Female,1.72
71591,Female,58
11743,Female,32
67864,Male,63
34857,Male,57
34995,Female,77
3606,Male,8
22952,Female,21
32554,Female,16
45893,Female,8
72020,Male,71
57879,Female,74
53538,Female,7
17006,Male,19
36638,Male,64
41097,Female,23
36618,Male,75
37290,Male,80
54620,Male,40
42108,Female,24
19681,Female,74
6988,Female,52
25287,Male,54
224,Female,23
56679,Male,19
27146,Female,23
16556,Male,13
5934,Female,51
58999,Male,60
28261,Male,79
35222,Female,75
44105,Female,69
65256,Female,57
62709,Female,47
36698,Female,33
7273,Female,51
20044,Female,47
54769,Male,15
57372,Male,1
30605,Female,20
13622,Male,6
12686,Male,50
39250,Male,31
2879,Female,15
59684,Female,3
48830,Male,30
56986,Male,17
47924,Male,24
16402,Female,5
40889,Male,33
4083,Female,30
59336,Male,66
5684,Male,40
48843,Female,27
5694,Male,21
3673,Female,55
44481,Female,19
10538,Male,75
9648,Female,71
19101,Female,16
31867,Female,49
11973,Female,10
23633,Female,37
52549,Male,59
59178,Female,7
37349,Female,61
44281,Male,34
55599,Female,9
45224,Female,46
54747,Male,0.88
2751,Male,50
6090,Male,19
46385,Female,21
46323,Female,2
28122,Female,37
50843,Male,20
64464,Male,50
66922,Male,61
66494,Male,48
42786,Male,82
33401,Male,64
24174,Female,50
60211,Male,1.4
53279,Male,0.24
61715,Male,55
37830,Female,29
2454,Male,4
60663,Male,70
46875,Male,35
69091,Female,80
1821,Female,54
44978,Male,39
3437,Female,26
6355,Female,6
10762,Female,41
58567,Female,42
62187,Male,9
84,Male,55
8521,Male,71
72779,Female,14
45824,Female,77
61838,Female,50
57212,Male,49
62668,Female,51
33142,Male,79
17437,Female,63
38303,Female,66
12396,Female,20
36484,Female,37
60047,Male,22
16542,Female,60
18805,Male,39
17869,Female,53
6793,Female,55
49265,Female,63
6606,Female,57
23031,Male,82
69330,Male,56
22902,Male,41
69622,Female,8
4807,Male,34
9641,Male,75
10313,Male,57
12097,Female,72
58037,Male,21
45323,Female,51
34281,Female,15
7990,Female,24
57622,Female,30
39120,Female,82
68344,Female,62
66752,Female,79
11691,Female,19
5077,Male,45
13319,Female,5
49279,Male,57
53815,Female,31
42856,Male,61
51579,Male,27
10752,Female,61
42133,Female,53
4842,Female,76
58138,Male,57
58203,Male,9
65053,Female,34
24168,Male,51
5824,Male,61
6965,Female,19
8332,Female,50
61973,Female,80
42821,Female,13
18687,Male,55
72642,Male,67
54782,Female,30
55862,Male,67
24437,Female,82
10367,Male,5
42550,Female,81
14178,Female,48
65429,Female,66
66530,Female,38
43146,Male,8
3509,Male,47
57497,Male,27
15220,Female,53
4813,Male,27
31166,Female,36
9051,Female,50
28669,Female,32
59894,Female,58
18684,Female,73
35866,Female,62
51907,Female,50
7250,Female,51
16147,Female,19
18306,Female,30
69143,Female,45
61769,Male,30
26134,Female,28
67603,Male,70
66772,Female,0.32
41861,Female,23
954,Male,18
37888,Male,41
34326,Male,52
42329,Female,77
23565,Male,34
27323,Female,67
57854,Male,1.64
18414,Female,23
72836,Female,59
17708,Male,62
66321,Male,47
53817,Female,71
66678,Female,22
56734,Male,33
32240,Female,27
28127,Female,44
20347,Female,18
40824,Male,47
38678,Female,66
29380,Female,42
809,Male,13
65453,Female,56
9415,Female,69
30989,Female,65
65258,Male,53
67052,Female,36
62756,Female,69
69224,Male,19
13323,Male,3
59940,Male,15
49042,Female,59
66362,Female,61
46093,Female,28
10370,Male,52
156,Female,33
11105,Male,80
22363,Female,47
46072,Male,2
65667,Female,48
47848,Male,1.56
71440,Female,26
35231,Male,62
59734,Male,1.72
1893,Female,38
32733,Female,28
34728,Female,67
30352,Male,57
61338,Female,40
59275,Male,10
45497,Female,55
19996,Female,7
50371,Male,56
32687,Male,37
35295,Male,69
15746,Female,45
31517,Female,28
43268,Female,52
54540,Male,46
20973,Male,45
56245,Female,21
9225,Male,4
45955,Female,45
3532,Female,71
41291,Female,46
53943,Female,3
52550,Female,79
47414,Female,71
38804,Male,74
72861,Female,52
53276,Female,49
30944,Female,32
33622,Male,62
26191,Female,78
69312,Female,48
39661,Male,18
20162,Female,80
48989,Female,34
30411,Female,40
47735,Female,59
51162,Female,11
8598,Female,35
57347,Female,29
4683,Male,23
55775,Female,59
32645,Female,44
46643,Female,62
782,Female,32
63565,Female,2
13602,Male,73
28326,Female,79
26389,Female,2
16906,Male,43
35140,Male,43
16837,Male,62
2750,Male,73
47585,Female,31
37404,Male,42
39518,Female,20
70678,Female,55
542,Female,3
38649,Female,23
53266,Female,33
26031,Female,14
1191,Female,79
36820,Male,64
62783,Female,76
10133,Male,46
19778,Male,80
38255,Male,21
41565,Female,33
39423,Female,32
68908,Female,0.72
22440,Female,49
28418,Female,41
22566,Male,37
7055,Female,58
69177,Female,79
33162,Female,23
44764,Female,78
32157,Male,51
61983,Female,41
72268,Male,68
39467,Female,30
20282,Male,1.88
51159,Female,32
7167,Female,20
59147,Male,20
18192,Male,10
14049,Male,8
35927,Male,65
28150,Female,65
8727,Male,46
7516,Male,53
6419,Female,79
20425,Male,43
59878,Female,56
69355,Male,3
5858,Male,32
39823,Female,41
37053,Male,53
2082,Male,35
48073,Male,67
16449,Female,33
5447,Female,21
27145,Female,26
30328,Female,69
739,Female,73
44224,Male,15
533,Female,3
45554,Female,1.24
32884,Female,80
55744,Male,2
28414,Male,50
25767,Female,30
71319,Male,15
70031,Female,71
23604,Male,4
46576,Male,2
31293,Male,11
70610,Female,45
6044,Male,22
62284,Male,63
5821,Female,50
22295,Female,25
27583,Male,49
9696,Male,39
1164,Female,43
48781,Male,67
50947,Male,48
47844,Female,38
45209,Female,14
49412,Male,63
43088,Male,37
16355,Male,20
43172,Female,60
43155,Female,13
11882,Male,34
45669,Male,22
65339,Female,46
60399,Male,53
59604,Female,28
22488,Female,62
33187,Female,6
44192,Female,11
16114,Male,66
35293,Female,80
728,Male,8
45788,Male,53
52150,Male,63
26172,Male,31
67814,Male,43
12618,Male,79
28952,Male,8
39123,Male,38
53967,Female,80
34772,Female,49
43124,Female,50
51916,Male,13
68003,Male,46
59157,Male,73
54383,Male,60
6928,Male,44
321,Female,79
21857,Female,5
33526,Female,51
37327,Female,71
55976,Male,5
56090,Female,65
38350,Female,81
6040,Female,46
17639,Male,44
1678,Female,54
27572,Female,25
57668,Male,49
22001,Male,80
54184,Female,22
27966,Female,61
4702,Female,3
38123,Male,50
47345,Male,45
17222,Male,55
45048,Female,21
30084,Male,0.8
7195,Male,50
16260,Male,73
52457,Female,58
50650,Male,30
35913,Female,55
52306,Male,57
132,Female,80
8951,Female,77
64752,Female,29
51285,Female,46
14349,Female,40
40571,Male,29
40624,Female,37
13072,Female,35
66310,Male,54
58101,Female,56
22969,Female,26
28904,Female,75
6563,Female,44
55315,Male,63
47537,Female,17
45945,Male,46
65849,Female,47
31125,Female,50
5103,Female,49
54526,Male,76
67309,Male,47
2275,Female,47
29869,Male,49
15757,Male,71
38523,Female,65
65388,Female,40
60816,Female,82
67350,Female,64
40124,Male,72
20370,Female,50
35188,Female,40
28716,Female,74
56166,Female,30
47159,Male,68
26242,Male,6
36226,Male,4
47357,Female,60
33167,Female,59
21042,Female,72
71062,Female,62
32723,Female,13
49646,Male,72
35737,Male,1.08
24256,Male,35
62340,Male,54
39927,Male,40
30677,Female,3
50453,Male,2
17398,Male,41
20938,Female,61
21850,Male,58
14241,Male,17
43905,Female,64
40144,Female,32
7806,Female,42
63984,Male,39
13504,Female,10
62272,Female,78
5878,Female,68
62767,Female,24
239,Male,59
3184,Female,45
51959,Male,12
2092,Female,37
69239,Female,43
68235,Male,12
3956,Male,13
42703,Male,74
34436,Female,2
39258,Female,59
40513,Female,21
48648,Female,55
48836,Female,14
71444,Female,53
33983,Male,75
35372,Male,37
31849,Female,49
2772,Male,55
11148,Male,57
62387,Female,45
50775,Male,46
3807,Female,12
51339,Male,12
69259,Female,77
32826,Male,6
12414,Male,76
21381,Female,52
29375,Male,62
62452,Male,82
68650,Male,69
47622,Male,78
57124,Male,37
19382,Female,50
44179,Female,41
50098,Male,54
24674,Male,43
72361,Female,37
14563,Male,9
40237,Female,11
36523,Male,56
65970,Female,5
1577,Female,17
51109,Female,6
5984,Male,25
46373,Female,57
13062,Male,18
47770,Male,2
32459,Female,76
12687,Male,1
7725,Male,54
67217,Female,45
49976,Female,54
71318,Male,67
42201,Male,53
11232,Male,47
14709,Male,44
57137,Male,65
36858,Female,40
50373,Female,3
51124,Male,81
13191,Female,24
47330,Male,9
42191,Female,52
35332,Female,63
49341,Female,78
64750,Female,22
70259,Female,2
36960,Female,79
12992,Female,49
4692,Female,74
62460,Male,62
72132,Male,16
41402,Male,62
40253,Male,27
63577,Female,50
11726,Female,49
13736,Male,24
43913,Female,21
41870,Male,17
37907,Female,22
15987,Male,13
57166,Female,21
44950,Male,51
47627,Male,8
42460,Male,48
8723,Female,16
52559,Male,18
937,Male,7
41271,Male,68
66893,Male,49
21491,Female,80
51806,Male,31
59412,Female,25
742,Female,39
42902,Male,35
43059,Female,71
61512,Female,71
10943,Female,40
11447,Female,41
29233,Male,2
17762,Female,3
46284,Male,53
1405,Male,1.88
38493,Male,60
57953,Female,5
30746,Female,30
16949,Female,49
45297,Male,68
40251,Female,23
27013,Male,2
7586,Male,24
26452,Female,41
16378,Female,63
5137,Male,64
4559,Male,38
45357,Female,1.24
45257,Female,38
34386,Female,43
15219,Female,27
39202,Female,61
9076,Male,42
72824,Male,46
64132,Male,67
52987,Female,34
17827,Male,51
29378,Female,77
29327,Female,30
48609,Female,81
4833,Female,12
8085,Male,18
41820,Female,35
72474,Female,82
32094,Male,53
66818,Male,75
49057,Female,32
18070,Female,27
17860,Male,56
17078,Male,71
23836,Male,78
5296,Female,44
48184,Male,62
9511,Male,27
19389,Female,42
25559,Female,66
11770,Female,25
34496,Female,82
8096,Female,49
49709,Female,77
19735,Female,59
31415,Female,54
71322,Female,38
72337,Female,55
25454,Female,13
15310,Female,45
10245,Female,54
29224,Male,30
7550,Female,51
57917,Female,47
24219,Male,25
49023,Male,61
51020,Female,55
52089,Female,23
29095,Male,71
41424,Male,59
7297,Male,4
68994,Male,65
25935,Female,50
29910,Male,42
24567,Male,51
54858,Male,66
36679,Female,22
59339,Male,5
18754,Male,19
34312,Female,47
57798,Male,12
37759,Female,53
11605,Female,26
47558,Male,62
54264,Female,81
47893,Male,63
3178,Female,25
61924,Male,8
18141,Male,76
58015,Female,44
354,Female,65
5777,Female,54
43271,Female,24
46210,Female,65
39714,Male,12
21785,Female,33
36620,Female,74
49495,Female,18
21720,Female,77
6304,Male,48
18887,Male,52
30214,Male,23
66419,Male,25
57468,Female,44
24218,Female,78
69792,Female,37
6372,Female,32
34664,Male,67
40931,Female,41
28559,Male,2
15166,Female,75
49815,Female,17
1625,Female,13
56309,Female,25
30116,Female,57
52034,Male,31
35584,Male,61
2898,Male,46
16593,Male,47
17175,Female,15
63663,Male,47
10603,Female,68
40544,Male,0.4
49152,Female,40
1231,Female,62
43672,Female,45
25107,Female,47
39286,Female,35
32766,Male,51
15988,Male,60
9011,Male,59
38043,Female,1.24
71721,Female,18
14832,Female,81
38094,Male,15
49789,Female,73
47350,Female,0.08
33525,Male,53
12318,Male,45
54553,Male,70
45976,Male,56
43675,Female,7
12915,Female,66
4542,Female,53
65801,Female,20
59953,Female,15
60973,Male,51
68739,Male,34
35829,Female,33
53909,Female,53
5799,Male,69
43772,Female,28
3154,Female,81
45754,Female,20
57485,Female,1.48
6128,Male,2
22623,Male,77
37082,Female,38
64541,Male,23
47037,Female,67
48614,Male,59
15969,Female,41
17752,Male,76
50889,Female,21
56459,Male,41
34163,Male,54
4538,Female,29
14222,Female,25
31461,Female,48
34001,Female,6
48964,Male,21
40393,Female,32
16488,Female,57
47947,Female,64
51149,Male,70
17079,Male,44
44781,Female,60
29385,Female,56
53610,Male,53
48210,Male,59
48072,Female,53
32776,Male,63
8960,Female,42
63491,Female,63
51883,Female,52
20460,Female,62
47181,Female,68
35432,Female,36
44010,Female,3
50841,Female,40
71044,Female,8
1842,Male,58
34720,Male,45
9489,Female,65
28725,Female,28
30290,Female,40
13723,Female,65
26328,Male,58
60104,Male,44
48722,Female,54
14481,Female,79
67963,Female,62
70752,Male,37
52419,Male,66
14711,Male,63
26366,Female,27
12436,Male,6
36722,Female,30
37698,Female,15
55235,Female,50
20468,Female,32
14677,Female,33
44171,Male,62
70344,Male,82
8470,Female,71
42743,Female,20
13949,Female,44
61096,Male,57
19239,Female,50
70447,Male,50
6879,Female,44
37451,Female,47
5686,Male,35
4789,Male,8
897,Male,3
69553,Female,29
58438,Male,36
29104,Female,19
26862,Female,41
38036,Female,23
36666,Male,14
16316,Male,35
61365,Male,45
12512,Female,52
31835,Male,19
4099,Female,21
26893,Male,8
35143,Female,35
1486,Female,33
5043,Female,53
2513,Male,59
5451,Male,34
3640,Female,31
17835,Female,43
26826,Female,61
45713,Female,57
37660,Male,11
24782,Male,36
63416,Female,16
16953,Female,60
42082,Male,13
51660,Female,69
27135,Male,69
54058,Female,22
24272,Male,63
16028,Female,45
49645,Male,58
54347,Male,61
4861,Female,30
54353,Female,78
71016,Female,68
33768,Female,16
62681,Female,38
41007,Female,39
35450,Female,51
62793,Male,37
66592,Male,16
33462,Male,39
29804,Male,24
33906,Male,51
43510,Female,50
21202,Female,27
7222,Female,73
13561,Female,65
29179,Female,76
5511,Male,66
20825,Female,53
67144,Female,65
15515,Female,48
3753,Male,31
27279,Male,1.72
48759,Female,45
69524,Male,56
28443,Male,62
38578,Female,35
66502,Male,16
50978,Female,31
9034,Male,5
16582,Male,26
28500,Male,10
70241,Female,22
32452,Female,82
45573,Female,50
64412,Female,47
66647,Male,31
39450,Male,22
57109,Female,12
3591,Female,63
25138,Female,78
17277,Male,4
35333,Male,76
18861,Male,32
15120,Female,81
29221,Female,39
11412,Female,59
38858,Male,2
6802,Female,37
8644,Female,78
54579,Female,75
41935,Male,34
17926,Female,48
13862,Female,13
64523,Male,54
66065,Male,13
71869,Female,24
11024,Female,76
46035,Male,1
24630,Male,57
11238,Male,46
54946,Female,26
24229,Female,56
29934,Male,34
28998,Male,25
19805,Male,60
63668,Male,22
24876,Male,35
34719,Male,48
48769,Female,38
22536,Female,12
8760,Female,22
53126,Female,0.64
18179,Male,13
38242,Female,78
68708,Female,23
12366,Female,35
42465,Female,78
24638,Male,50
58587,Male,61
9170,Male,60
36545,Male,43
19467,Male,60
16868,Female,51
47608,Female,21
38440,Male,16
23543,Female,25
65396,Female,36
34621,Female,8
23561,Female,48
16091,Male,14
63597,Female,60
57533,Male,61
59370,Female,60
57285,Male,56
17515,Female,9
23988,Female,45
34958,Male,14
30620,Male,37
31811,Female,52
1818,Female,30
5478,Female,60
26830,Female,47
25883,Female,82
43657,Male,64
71917,Male,12
61299,Female,79
24603,Male,77
70654,Female,25
49485,Female,26
61641,Male,14
12600,Female,42
11566,Male,37
72108,Male,8
35117,Female,78
22967,Male,18
28913,Male,78
70857,Female,55
42229,Female,68
23459,Female,47
2209,Female,47
38673,Female,51
42184,Male,43
59250,Female,78
29525,Male,63
42713,Female,45
16066,Female,53
33692,Female,12
29232,Female,56
70122,Female,29
25305,Male,10
66110,Female,55
69461,Female,49
7885,Female,23
60050,Female,53
21608,Male,56
32150,Female,56
48069,Female,61
24066,Female,45
39242,Male,80
57618,Female,47
14599,Female,3
27479,Male,63
10238,Female,68
49014,Female,76
67063,Male,62
38488,Female,30
33298,Female,44
48739,Male,47
52428,Male,25
61171,Female,31
40878,Male,71
61247,Female,32
27799,Male,72
2824,Female,44
12376,Male,63
72435,Female,37
46864,Male,54
2019,Male,20
26154,Male,56
47972,Female,25
47751,Female,19
25405,Male,62
34525,Female,27
13755,Male,5
56019,Female,20
67942,Male,21
43806,Male,44
39849,Male,39
7344,Male,38
1741,Male,77
52220,Female,26
20129,Male,51
61178,Male,39
48226,Female,5
1151,Female,59
6672,Male,67
10333,Female,45
11134,Male,43
25199,Female,80
66490,Male,42
10390,Female,8
33144,Female,68
72497,Female,5
16783,Male,57
727,Male,44
51935,Male,16
44177,Female,60
2421,Female,58
48693,Female,43
5723,Female,50
29470,Female,1.48
71590,Female,5
16600,Male,9
28309,Female,67
41911,Female,21
3390,Female,36
31806,Female,70
68750,Male,57
32840,Female,52
49797,Female,28
72096,Female,41
13503,Male,81
41536,Female,33
17441,Female,31
62238,Female,42
737,Male,10
4627,Male,34
47208,Female,70
6844,Male,33
60001,Female,58
44503,Female,25
44938,Female,1.4
40371,Female,47
39011,Female,14
1460,Female,82
48364,Male,52
30285,Male,72
21472,Male,52
71182,Female,61
33412,Female,15
16061,Female,1.56
60266,Male,6
70965,Male,3
56736,Male,18
6537,Female,53
41827,Male,58
49480,Female,31
36704,Female,29
8884,Female,5
49775,Male,40
25777,Male,75
2070,Male,52
15752,Male,39
45915,Female,40
48775,Female,78
65697,Female,39
65229,Female,17
56889,Male,45
6596,Male,0.56
46577,Female,13
63455,Male,26
21724,Female,42
29863,Male,44
69249,Female,3
8968,Female,42
20310,Male,25
11450,Female,41
31999,Male,51
34133,Female,20
44202,Female,25
72311,Male,18
18704,Female,37
36518,Female,51
35651,Male,2
13749,Female,38
21521,Male,64
27163,Female,60
8882,Male,22
32016,Male,71
14287,Female,32
60139,Female,32
2447,Female,63
42500,Male,0.24
44391,Male,54
12741,Female,25
15418,Female,80
69482,Female,31
32270,Male,53
50983,Male,35
6493,Male,31
45399,Male,60
67099,Male,0.56
19585,Female,21
26247,Female,78
25818,Male,59
34261,Male,0.64
64128,Male,10
62817,Male,60
69339,Male,11
25919,Male,48
71978,Female,50
1473,Male,69
66546,Female,20
56584,Female,22
38316,Male,55
15647,Female,57
59933,Female,29
3429,Female,32
60963,Female,54
67689,Male,37
31689,Female,58
23240,Female,41
30850,Male,72
38920,Male,0.48
66080,Female,32
57263,Female,54
60126,Female,79
64393,Male,56
69285,Female,45
24428,Male,6
59642,Female,45
12064,Male,60
59737,Female,65
19352,Female,57
61903,Male,58
47701,Male,8
15225,Male,18
66431,Male,49
57236,Male,2
48453,Female,52
8031,Female,63
39139,Female,57
4838,Female,50
22689,Male,12
37752,Female,35
32320,Female,35
14889,Male,64
13964,Female,42
31746,Female,62
17492,Female,3
1499,Female,43
34396,Female,52
36750,Male,64
68816,Male,59
16129,Female,81
64006,Female,15
51845,Male,50
30692,Male,73
65712,Male,19
42161,Female,30
16938,Female,40
16113,Female,47
29388,Female,66
65109,Male,47
61242,Female,41
65252,Female,63
49615,Female,12
63511,Male,1.32
14089,Female,46
16987,Female,8
53399,Male,74
36946,Male,74
55522,Female,4
27954,Female,26
5355,Male,63
69069,Female,48
11539,Female,24
16847,Male,47
15873,Male,70
15415,Male,41
22891,Female,42
7394,Female,57
29915,Female,51
62607,Male,15
24404,Male,11
69666,Female,27
54997,Female,53
6199,Female,52
4635,Female,68
3305,Male,65
24342,Female,23
65093,Female,43
46261,Male,55
42624,Female,52
24735,Female,21
50671,Male,78
1679,Male,35
66680,Female,49
34248,Male,50
65336,Female,27
68333,Female,52
60210,Female,22
11573,Female,19
67890,Male,77
49254,Male,57
9199,Male,13
35402,Male,14
25996,Female,29
8345,Female,49
63219,Male,1.24
8770,Male,21
22370,Male,36
25930,Male,42
33478,Female,56
23009,Male,46
24885,Male,79
58591,Female,25
44777,Male,67
46363,Male,37
36377,Female,44
15440,Female,36
56420,Male,17
39531,Male,50
55220,Male,53
30731,Female,39
14479,Female,71
40471,Female,18
7384,Male,55
53422,Male,52
59745,Female,27
24721,Male,24
9644,Male,72
50837,Male,41
67941,Female,29
43590,Female,26
29014,Female,23
66051,Male,43
70783,Female,43
10716,Female,49
7868,Male,13
58350,Female,26
18927,Female,10
19550,Male,39
31372,Female,41
55262,Male,25
50238,Male,10
2868,Female,54
51343,Male,7
56324,Female,53
42047,Female,55
36486,Male,6
62456,Female,72
64980,Female,42
65962,Male,50
47521,Female,55
41501,Female,47
47582,Male,3
63938,Female,49
49627,Female,12
61291,Male,28
53032,Male,40
45040,Male,55
56791,Male,9
37320,Female,77
72514,Male,18
3842,Male,73
38143,Female,67
54296,Male,58
48435,Female,2
42212,Female,38
47607,Male,5
16535,Female,34
66677,Male,78
57270,Female,57
22414,Female,17
63401,Female,71
32252,Female,19
17950,Male,56
53990,Male,64
20565,Male,13
59993,Male,40
42830,Male,80
34721,Female,62
5157,Male,79
48851,Female,9
26084,Female,77
23413,Female,26
49970,Male,1.72
72414,Male,16
21374,Female,40
69623,Male,46
40378,Male,45
4671,Female,59
17295,Female,31
55466,Female,69
65419,Male,73
34448,Female,56
14406,Female,80
924,Female,60
71339,Female,40
31443,Female,30
49672,Female,66
394,Male,78
63362,Female,37
59928,Female,41
62289,Female,34
59464,Female,18
18680,Male,69
19439,Male,67
27017,Male,28
8277,Female,3
14099,Female,57
37128,Male,34
57774,Male,50
64033,Male,55
72701,Male,2
59130,Female,27
48472,Male,57
67956,Female,73
35602,Female,52
13818,Female,65
34661,Male,48
64895,Male,54
21969,Male,8
38320,Male,45
42040,Female,48
31857,Female,77
64494,Female,34
34764,Female,33
20673,Male,39
64817,Male,39
72450,Male,40
13988,Female,46
54985,Female,1
6049,Female,5
13380,Male,14
64371,Female,49
50295,Female,45
14404,Female,13
58645,Female,76
19419,Male,14
24518,Female,20
53494,Female,9
42599,Female,78
68370,Male,49
57813,Female,55
1329,Female,43
15255,Female,16
65680,Male,58
32974,Male,67
5863,Female,71
10584,Male,8
38675,Female,18
47600,Female,47
48246,Male,59
61743,Male,28
3879,Female,20
58086,Male,67
53957,Male,71
40137,Female,56
70500,Female,44
35085,Female,6
43872,Female,78
62951,Female,32
43244,Female,40
31198,Female,63
23223,Male,51
38474,Male,22
4591,Female,82
1451,Female,17
37150,Female,34
65632,Male,42
62834,Female,32
21826,Male,73
21036,Female,47
55566,Female,34
46923,Male,64
63990,Male,52
2265,Male,49
2860,Male,55
15964,Female,64
46483,Male,23
33284,Male,18
61895,Female,65
48875,Male,12
36589,Female,61
28651,Male,66
45033,Male,59
32166,Male,47
34188,Female,47
58359,Female,71
59347,Male,62
12849,Female,28
6104,Female,7
29694,Female,68
30806,Male,37
20316,Female,75
58253,Male,5
57679,Male,1.08
39956,Female,34
7683,Male,49
9197,Female,8
58543,Female,50
6968,Male,2
35838,Female,1.16
57549,Female,76
59200,Male,18
24289,Male,82
6206,Female,67
28227,Female,27
35229,Male,57
23176,Female,51
3045,Male,68
22386,Female,56
1077,Male,77
57903,Female,52
22108,Female,18
55982,Female,63
55465,Female,31
29258,Female,37
38432,Female,64
49666,Male,47
59904,Female,1.8
32365,Male,42
15351,Male,37
61000,Female,69
77,Female,13
17466,Male,73
57569,Male,48
9026,Female,78
54590,Female,21
54301,Male,54
170,Male,43
52554,Male,19
10649,Female,82
28258,Female,80
22269,Female,69
12557,Female,21
2846,Female,46
61219,Female,14
65321,Male,6
23946,Female,3
56312,Male,47
20256,Male,34
26993,Female,41
58599,Female,67
27849,Female,5
33367,Male,20
61764,Female,63
13620,Female,73
39308,Male,62
1275,Male,0.88
34336,Male,50
1505,Male,71
31887,Female,30
60258,Female,80
63450,Female,64
35178,Male,7
3099,Female,36
43903,Male,79
9013,Female,35
60158,Female,28
15579,Male,72
8563,Female,12
61573,Male,25
43827,Female,27
43090,Female,62
46068,Male,58
12469,Female,30
58820,Male,56
31893,Female,28
45259,Male,47
63779,Female,16
71250,Female,29
55051,Male,26
2520,Female,26
3715,Male,55
21206,Female,29
60159,Female,29
3113,Female,33
62126,Female,19
51275,Female,10
3115,Female,3
9986,Female,60
35974,Female,16
46488,Male,35
54172,Female,41
21804,Female,19
50402,Female,79
36317,Female,41
44676,Male,1.64
3724,Female,51
69668,Female,33
59274,Female,33
29676,Male,48
37655,Male,45
16980,Female,61
40213,Male,31
47831,Male,60
40977,Male,51
39129,Male,53
40837,Male,52
59000,Female,42
44510,Female,56
3793,Male,14
32215,Female,40
35296,Female,58
69502,Female,52
67620,Male,30
27664,Female,47
49555,Female,34
16812,Female,82
63665,Female,31
68141,Female,58
33674,Female,47
30432,Male,65
10886,Female,13
62629,Male,37
67758,Male,9
41244,Female,7
50309,Female,37
6480,Male,62
27007,Male,14
63912,Female,77
37483,Male,36
29855,Female,3
22136,Male,78
66637,Female,49
2244,Male,44
22259,Male,10
19088,Male,8
61010,Female,60
49574,Female,56
12336,Female,73
3668,Female,65
6034,Female,34
61418,Male,13
68725,Female,80
464,Male,46
42225,Female,80
51254,Female,65
59164,Female,24
70429,Female,33
54253,Male,11
47937,Female,57
66882,Female,19
7411,Male,82
39593,Female,39
6239,Female,14
35378,Female,60
54012,Female,3
69835,Female,57
44591,Male,79
4709,Female,65
20393,Female,67
27626,Female,60
45864,Female,36
68685,Male,36
28711,Female,26
44962,Male,71
7892,Male,78
11744,Male,77
12279,Male,74
20740,Female,50
58257,Male,9
36547,Male,1.64
559,Female,54
13728,Male,8
4400,Female,36
68524,Female,38
24096,Female,34
65643,Female,7
30186,Female,5
11904,Male,14
20257,Male,0.88
2822,Female,30
18072,Female,39
34896,Female,17
53328,Female,14
28303,Female,52
44325,Male,78
8579,Female,2
29229,Male,32
48406,Male,0.88
3761,Female,50
65324,Female,48
7658,Male,66
35997,Male,78
34383,Male,46
8646,Female,54
46653,Female,81
1099,Female,15
61676,Male,77
38131,Female,59
61848,Female,48
56228,Male,76
4949,Male,49
46688,Female,44
30491,Female,39
43478,Male,34
25443,Male,50
52519,Male,62
24361,Female,38
29514,Female,43
35893,Male,28
58568,Female,58
63303,Male,28
70625,Male,18
54807,Male,62
18820,Male,31
64029,Male,55
72703,Female,54
11394,Male,73
12298,Male,26
70845,Male,73
44494,Female,38
30953,Male,75
47861,Male,81
13465,Female,20
62454,Female,12
52593,Male,78
91,Female,42
22056,Female,71
45469,Male,16
41284,Male,4
20112,Male,79
45627,Male,60
4174,Female,45
31660,Male,23
36196,Male,21
19769,Female,67
8341,Male,10
42172,Female,24
14372,Male,50
61252,Male,79
15251,Male,14
67800,Female,13
10416,Male,71
19504,Female,66
7476,Male,32
55526,Male,46
452,Male,48
55790,Female,45
38541,Male,55
23748,Female,31
18790,Male,25
45751,Male,73
72369,Female,14
7171,Female,56
52826,Male,60
42556,Male,27
507,Female,28
56746,Male,46
54072,Female,11
49760,Female,63
61821,Female,59
65481,Male,57
6174,Female,35
68224,Male,54
61559,Male,7
65564,Female,48
18890,Male,69
58936,Male,59
67667,Female,72
68138,Male,49
50363,Female,73
4740,Female,24
39683,Male,26
49903,Male,27
63457,Female,78
18595,Female,77
64912,Female,59
68382,Male,0.32
69510,Male,39
29872,Female,35
1924,Male,54
67243,Female,75
3494,Female,80
37307,Female,35
41175,Female,22
48303,Male,39
31473,Male,6
31402,Female,62
18996,Female,13
2573,Male,56
60683,Male,53
70537,Male,5
63193,Female,44
12228,Male,13
58107,Female,59
28647,Female,35
57086,Female,52
5505,Female,76
44112,Female,51
56645,Female,79
16652,Female,69
32445,Female,78
18752,Male,60
35152,Male,10
70081,Male,42
72340,Male,21
67112,Female,56
42323,Male,59
35022,Female,69
21625,Female,25
49972,Male,63
44142,Male,25
364,Female,58
59669,Female,28
69900,Female,46
12753,Male,53
10273,Female,37
30824,Male,12
587,Female,14
55856,Female,60
47196,Male,42
67724,Female,65
23488,Male,80
2849,Male,32
12134,Female,53
24058,Female,50
15117,Female,23
72915,Female,45
61836,Female,0.8
13116,Male,49
48146,Male,70
72819,Female,82
20070,Male,23
8778,Female,79
13764,Female,74
2005,Male,78
8616,Female,50
51524,Female,34
50541,Male,47
21971,Female,52
32183,Female,67
30145,Female,62
30482,Female,18
30790,Female,75
63337,Female,42
66264,Male,29
641,Male,52
42412,Female,18
65693,Male,67
3746,Female,66
71304,Male,5
34935,Female,18
29173,Male,52
26474,Female,44
56857,Male,46
13529,Female,36
61979,Female,61
70886,Female,7
27693,Female,15
59762,Male,61
57308,Male,20
3701,Female,2
61339,Male,47
24965,Female,25
33952,Male,66
39042,Male,2
43039,Female,63
59915,Female,53
4727,Female,33
16481,Female,23
15018,Female,23
49702,Female,81
48017,Male,55
15313,Female,69
22231,Male,58
45461,Female,70
30678,Female,48
57904,Male,15
67483,Male,31
5646,Female,2
67911,Male,80
16856,Female,69
37972,Female,52
62414,Male,80
50485,Male,54
47405,Female,2
70928,Male,39
4679,Female,38
15070,Male,76
25625,Female,45
35123,Female,1.24
20165,Female,77
41730,Female,46
38761,Female,50
4797,Female,52
19199,Female,73
30402,Male,41
25088,Female,40
54756,Female,59
19590,Male,48
23332,Female,42
16971,Female,26
11727,Male,39
60255,Female,34
38796,Female,54
46498,Female,57
41042,Female,1.56
35069,Female,50
61103,Female,64
25095,Male,44
55607,Male,38
63029,Male,32
2919,Male,17
60003,Male,81
46256,Male,15
23659,Female,5
2952,Male,70
49229,Male,52
2457,Female,67
23508,Female,17
28364,Male,61
31360,Female,31
19335,Male,58
40390,Female,12
63936,Female,30
24832,Female,65
25219,Female,23
42393,Male,14
17951,Male,27
17443,Female,53
52242,Female,58
45931,Male,9
7828,Male,59
21547,Female,46
42305,Female,41
9442,Male,55
57047,Female,43
2538,Female,5
28461,Male,15
16433,Female,36
50681,Female,36
71327,Female,47
46699,Female,18
25248,Male,19
35315,Male,65
63144,Male,17
21517,Male,54
29789,Female,46
52207,Female,59
19209,Female,48
42041,Female,38
58153,Female,18
27717,Female,56
35106,Male,3
47730,Female,41
20657,Female,67
63411,Female,60
18671,Female,47
3843,Female,24
1225,Male,43
40264,Female,17
72451,Female,45
20292,Female,24
31201,Female,79
59359,Male,79
57985,Female,27
2885,Male,72
59743,Male,64
11544,Female,34
11969,Female,50
42929,Female,58
72776,Male,26
21438,Female,50
51084,Female,80
13440,Male,2
15533,Male,46
50903,Female,29
35276,Female,6
44472,Male,32
23587,Female,16
66794,Female,44
35854,Female,23
60907,Male,48
12449,Female,34
54371,Male,78
8106,Female,42
2013,Male,14
61785,Female,40
2707,Male,10
49120,Female,39
30752,Female,42
64972,Male,47
49537,Male,14
315,Male,45
62814,Male,58
7665,Female,73
28108,Female,62
50536,Female,62
8655,Female,51
760,Male,0.8
47501,Female,57
16863,Female,8
51342,Female,69
35759,Female,16
17270,Female,56
53862,Female,41
40951,Female,1.24
56976,Female,42
37299,Male,57
33247,Male,20
32560,Female,8
10973,Male,43
3816,Male,62
50215,Male,42
10351,Male,50
69665,Female,63
14976,Male,80
28183,Female,13
33085,Female,20
13386,Female,71
15601,Female,50
22254,Female,76
15539,Female,41
58235,Male,76
21162,Female,78
67880,Male,5
42545,Male,29
48359,Female,43
54815,Female,49
6233,Male,70
52225,Male,24
50463,Female,41
49084,Male,20
61889,Male,34
25525,Male,32
9730,Male,27
30622,Female,44
26480,Male,20
65895,Female,52
4913,Female,57
20676,Male,29
52410,Female,16
57944,Female,35
20290,Female,5
10875,Male,63
2393,Male,59
66464,Male,63
40548,Male,52
19699,Female,50
205,Female,43
54805,Female,27
53195,Male,30
9107,Female,8
65196,Male,75
58833,Male,14
4309,Female,23
55462,Male,6
51746,Female,37
59335,Male,38
65644,Male,3
52790,Female,26
42681,Female,58
33697,Male,57
51963,Male,58
13375,Male,76
37526,Female,68
59454,Female,79
23600,Male,34
61245,Male,75
53489,Male,11
42284,Male,71
69089,Female,40
68970,Female,24
42938,Male,0.64
11327,Female,82
5464,Male,32
56995,Female,81
53646,Female,33
45139,Female,79
38354,Female,62
15566,Male,39
4793,Female,60
59223,Male,48
30927,Male,24
966,Female,70
62923,Female,17
30627,Female,56
17236,Female,3
27566,Male,65
6368,Male,72
33876,Male,10
52164,Male,29
32446,Female,44
56855,Male,46
43837,Male,33
5477,Male,63
64974,Male,0.24
33976,Male,55
31019,Female,56
4699,Male,50
60276,Male,78
24420,Male,63
28478,Female,31
63236,Male,65
6324,Male,51
62059,Male,60
28400,Male,69
5841,Female,23
5681,Male,46
16587,Female,16
3477,Female,26
23890,Female,44
3803,Female,56
34068,Female,23
60145,Female,38
11702,Female,18
50508,Female,63
65473,Male,23
51257,Male,32
47810,Male,8
38737,Male,77
39060,Female,41
56804,Female,34
45099,Male,25
22221,Female,35
57134,Male,15
57609,Male,1.64
6132,Male,4
31600,Female,33
51497,Male,28
48455,Female,37
13049,Female,50
9079,Female,76
68568,Female,72
72867,Male,16
53121,Male,44
33779,Male,46
52367,Male,46
29314,Female,73
18366,Female,29
32522,Male,19
3980,Female,27
5350,Female,36
3428,Female,61
62552,Female,9
51085,Female,25
60586,Female,68
59988,Female,26
34122,Female,17
11392,Male,75
53632,Male,34
32202,Male,53
52489,Female,18
13374,Male,48
66370,Female,5
259,Male,79
12092,Male,16
38263,Female,32
1666,Male,70
48922,Male,55
58061,Female,70
50283,Female,51
26605,Female,39
10396,Male,79
14695,Male,80
2579,Female,34
71061,Male,59
41250,Female,54
53923,Female,22
54139,Female,21
32430,Female,4
14928,Female,26
32457,Male,62
59718,Female,33
4948,Male,51
40870,Female,75
2218,Male,42
57494,Female,82
1534,Female,61
69329,Female,62
39852,Male,59
65358,Female,31
36488,Male,12
55567,Female,76
33562,Male,71
20006,Female,15
47696,Male,44
60117,Male,30
5032,Female,47
5780,Female,47
52236,Female,60
59752,Male,62
47005,Female,47
4750,Male,78
65127,Female,35
4498,Male,71
32203,Female,57
27436,Male,12
34999,Male,26
4213,Male,33
71669,Male,60
36803,Female,35
17725,Female,10
57983,Male,50
68089,Female,44
3135,Female,73
563,Female,41
19364,Female,7
34590,Male,45
55459,Female,60
38724,Female,49
52968,Female,45
35716,Female,55
51421,Female,54
72525,Female,39
33009,Male,76
35437,Female,28
37253,Female,70
46171,Male,28
18143,Male,79
35330,Male,30
32127,Female,26
69834,Female,57
56311,Female,16
13439,Male,40
36366,Male,77
13111,Female,67
28932,Female,36
67521,Female,40
65688,Male,2
58761,Male,52
21192,Female,78
72348,Female,22
1825,Male,33
25674,Male,40
33035,Female,20
54297,Male,19
9122,Male,25
1218,Female,23
57210,Female,28
37096,Female,6
38243,Female,37
17198,Female,10
70884,Female,34
51809,Female,60
40602,Female,22
65116,Female,62
70455,Female,52
41618,Male,61
21209,Female,10
26103,Male,36
10436,Female,29
16550,Female,69
17697,Female,62
10744,Male,62
7799,Female,79
57183,Male,13
121,Female,38
32604,Male,49
49883,Female,41
68242,Male,56
33726,Female,8
56255,Female,24
46455,Female,61
13270,Female,40
38067,Female,22
9160,Female,80
52843,Female,60
67343,Female,57
50805,Female,55
10826,Female,39
60358,Female,51
72231,Female,47
58586,Male,77
50499,Female,32
18986,Female,45
51177,Female,49
575,Male,13
47321,Female,74
7754,Female,72
66270,Female,57
2814,Male,51
52847,Female,55
60235,Male,73
10981,Male,12
62833,Female,6
26267,Female,76
69918,Female,38
44927,Female,50
20169,Female,75
31481,Female,1.16
27721,Male,32
71419,Male,12
25642,Male,32
31932,Female,13
13629,Male,1.32
38258,Female,63
70602,Female,29
60056,Male,53
31156,Female,49
69643,Male,81
23171,Male,66
42309,Female,42
2877,Female,61
37011,Female,52
355,Male,8
53252,Male,82
3553,Female,43
72178,Female,4
11817,Male,58
26468,Female,45
13176,Female,62
67032,Male,42
39784,Female,72
15230,Female,9
25218,Female,31
39637,Female,20
26777,Male,22
60533,Female,23
44375,Female,57
49848,Male,52
65413,Female,64
31161,Female,26
61787,Male,54
53482,Male,32
71387,Female,66
7577,Male,13
34400,Female,77
45175,Male,18
71192,Male,11
26997,Female,16
33532,Female,73
33704,Male,44
51897,Male,36
43016,Male,10
3370,Female,54
39984,Female,42
59232,Female,52
57896,Male,32
21917,Male,43
66435,Female,28
3442,Female,79
48064,Male,11
13358,Female,75
64986,Male,55
6032,Male,78
52924,Female,48
69979,Male,73
50489,Female,56
20094,Male,54
16618,Female,55
63280,Female,65
14551,Female,69
22098,Female,29
17771,Female,64
11803,Female,16
34356,Female,75
26528,Female,17
51554,Male,42
2296,Male,78
10624,Male,24
1681,Female,68
36375,Male,50
8117,Male,52
49849,Female,82
19436,Male,56
10523,Male,56
39322,Male,18
53265,Female,33
40379,Female,57
66841,Male,30
38900,Female,52
18180,Female,3
1183,Male,39
22964,Male,44
64597,Female,33
23893,Male,24
51564,Female,24
14410,Male,54
4964,Female,72
15020,Female,37
27380,Female,36
21523,Female,22
8819,Female,68
68408,Male,24
8976,Female,35
22290,Female,32
7700,Female,52
40503,Male,21
47917,Female,82
30303,Male,33
63864,Male,62
24177,Female,57
57274,Male,14
37213,Male,60
59992,Female,63
27382,Female,50
61017,Female,12
61699,Male,80
14489,Female,74
54053,Male,46
38348,Female,66
17668,Male,26
11792,Female,70
22917,Female,62
36204,Male,15
49554,Male,67
72594,Male,63
28027,Female,42
54177,Female,49
32602,Male,78
1213,Female,31
21534,Male,67
6852,Female,52
3379,Female,61
41146,Male,41
20391,Female,73
69379,Female,64
34778,Male,65
49270,Female,81
55407,Female,47
36744,Male,40
26603,Male,46
71414,Female,2
14517,Male,56
69050,Male,54
52080,Female,26
27493,Female,45
6295,Female,57
20375,Female,78
29017,Male,2
56635,Male,76
4280,Female,51
22896,Female,54
70297,Female,36
47776,Female,57
53141,Female,25
16145,Female,7
41593,Female,76
50651,Female,45
11111,Female,66
15803,Female,45
71597,Female,79
22804,Female,25
64498,Female,53
41182,Female,35
56606,Female,78
36958,Female,32
14877,Male,0.56
65988,Female,26
50001,Female,34
27034,Female,65
8950,Female,15
31850,Female,17
14288,Female,71
3180,Female,42
13899,Male,30
23730,Female,75
6011,Male,9
14376,Male,47
22052,Female,75
24836,Female,61
11861,Male,61
25613,Female,27
71496,Female,55
24074,Female,2
44937,Female,51
72082,Female,45
53271,Male,36
34077,Male,46
42330,Female,48
69487,Female,79
70973,Female,50
44986,Female,79
2633,Male,32
21834,Female,36
49196,Female,27
22939,Female,22
55400,Female,5
30870,Male,9
247,Male,31
7979,Female,26
56189,Male,43
3984,Female,33
49753,Male,34
71719,Male,66
11313,Female,44
38070,Female,56
50455,Female,67
31766,Male,18
24245,Male,55
50726,Male,61
29955,Male,0.08
64742,Male,48
48518,Male,44
42999,Female,68
71447,Male,52
61437,Male,15
50428,Male,2
8816,Male,60
49556,Female,37
67654,Female,5
21989,Female,25
46434,Male,52
3205,Female,79
68692,Male,61
44531,Male,36
70392,Male,34
37025,Female,2
68965,Male,43
53843,Female,1.48
5236,Female,49
32110,Female,2
17893,Female,82
65794,Female,81
65955,Male,81
53924,Female,1.08
70674,Male,60
56410,Male,1.88
9955,Female,58
8410,Female,8
46854,Female,9
8168,Female,34
30405,Female,23
1301,Female,74
42348,Male,72
38560,Male,47
48129,Female,56
10511,Male,5
42481,Male,27
59872,Female,38
56282,Male,13
6540,Female,41
31378,Female,50
32317,Female,41
9948,Male,6
35182,Female,62
5655,Male,4
51762,Female,59
68193,Male,63
49459,Male,9
54776,Male,41
45701,Female,72
7953,Female,45
65508,Male,80
68539,Female,19
12022,Male,37
3348,Female,58
58466,Male,77
50434,Male,38
49974,Male,49
54574,Female,20
39342,Male,23
2972,Male,55
32717,Male,16
14063,Male,81
71724,Female,23
4753,Male,82
62076,Male,48
6665,Male,56
51385,Male,61
66973,Male,43
59671,Female,39
3946,Female,22
17623,Male,41
50644,Male,37
54294,Female,65
46767,Female,8
12911,Female,51
16109,Male,63
47499,Female,48
8790,Female,17
11259,Female,53
12003,Female,75
71099,Female,51
62090,Male,51
10138,Female,41
71424,Female,75
44759,Male,57
21953,Female,33
52234,Female,72
46461,Female,52
6973,Male,11
5068,Female,28
65277,Female,78
52679,Female,82
36728,Male,74
46797,Female,31
63898,Female,53
11371,Male,0.24
13155,Female,67
27125,Female,17
15383,Female,29
19828,Female,56
6289,Female,15
44243,Female,29
40167,Female,79
38078,Female,82
34257,Male,17
21653,Male,8
63764,Male,23
22194,Female,36
16010,Male,47
5074,Male,24
10243,Female,60
52588,Female,63
56996,Male,44
28315,Male,38
15104,Female,26
26604,Female,18
27916,Male,18
60249,Male,13
45787,Male,13
65526,Female,47
72354,Female,80
38938,Female,24
39017,Female,72
13219,Male,5
3003,Female,51
34543,Female,82
21762,Male,5
22003,Male,66
6731,Female,53
19032,Female,15
55370,Female,53
57288,Female,78
31925,Female,62
8264,Male,41
448,Female,49
38783,Female,41
45961,Female,78
27518,Male,14
51106,Female,1.48
42251,Male,71
33115,Male,32
31701,Male,16
21661,Female,68
18837,Male,0.56
57777,Female,59
62610,Male,32
2730,Male,58
51116,Female,40
22607,Female,41
11595,Female,21
24355,Female,1.88
32563,Male,55
18266,Female,67
60088,Male,49
14912,Female,42
49939,Female,54
64534,Female,25
62914,Male,62
4297,Male,75
20399,Female,72
1112,Female,14
13276,Female,38
1260,Male,59
40509,Female,23
15241,Female,63
31344,Male,82
55169,Male,34
55740,Female,8
62513,Female,28
18040,Female,49
10374,Female,24
37209,Male,17
62306,Female,69
54101,Female,58
12259,Male,50
37634,Male,5
22548,Female,34
65407,Female,64
50723,Male,47
20890,Female,61
52472,Male,14
42859,Female,57
3167,Male,53
56469,Male,67
23851,Female,57
30571,Female,38
67786,Female,13
41404,Female,37
33960,Male,39
70833,Female,13
65731,Male,57
57968,Female,11
57539,Female,68
17745,Male,79
33252,Female,24
69789,Female,44
40076,Female,46
10323,Female,66
23514,Female,61
37395,Female,16
8240,Female,37
9620,Female,43
7092,Female,27
50216,Male,44
59506,Male,14
43397,Male,81
62384,Male,52
10651,Male,54
69750,Female,77
55455,Male,27
34230,Female,35
65154,Female,30
36298,Female,48
13171,Female,15
62983,Female,26
44834,Female,38
67411,Male,29
5455,Male,49
49267,Female,55
60464,Male,52
56286,Male,49
5223,Female,21
53302,Female,24
59309,Male,18
69824,Male,52
13173,Male,70
52579,Female,51
59451,Male,58
56875,Female,46
16774,Female,79
61672,Female,11
25811,Female,61
7780,Male,51
58149,Female,21
38742,Female,71
29613,Female,13
20655,Male,16
53897,Female,61
29792,Female,49
15990,Male,65
45112,Male,40
28385,Female,44
63423,Male,11
187,Female,20
18891,Male,24
34657,Female,44
40546,Male,5
56755,Male,41
71097,Female,23
21025,Female,7
69020,Female,74
48883,Male,61
71297,Female,80
52216,Female,35
20421,Female,43
36896,Male,25
23535,Male,72
1323,Female,45
47309,Male,9
34161,Male,33
57405,Male,53
15824,Female,67
32103,Male,59
18205,Female,1.32
71420,Male,27
298,Female,41
15136,Male,64
9879,Female,55
68302,Female,40
65507,Male,33
63949,Female,33
62475,Male,39
35648,Female,74
72276,Male,38
49661,Male,53
31590,Male,22
8584,Female,5
7964,Male,24
25130,Female,27
3531,Male,41
6529,Female,20
22272,Female,71
40702,Female,65
1656,Male,38
51988,Female,25
48323,Male,53
35155,Female,50
46314,Female,1.24
12906,Female,55
24961,Female,38
14000,Female,72
23047,Male,43
6827,Male,30
44656,Female,69
59801,Female,61
51073,Female,34
34966,Female,43
41122,Female,62
4449,Male,48
54726,Female,37
1772,Female,64
4850,Male,51
44886,Male,69
26076,Female,75
54962,Female,27
1116,Female,49
28247,Male,82
39563,Female,36
49553,Male,1.88
14872,Male,45
57598,Female,64
70022,Male,32
70365,Female,15
57219,Female,1.64
28344,Male,34
50785,Male,17
17251,Female,76
48459,Male,61
68843,Male,30
27523,Female,18
61651,Male,48
22877,Male,0.16
52859,Female,4
55631,Male,38
7003,Female,27
68447,Female,50
13817,Male,19
12117,Male,8
40210,Male,78
23360,Male,0.8
28447,Female,53
72398,Female,73
7859,Male,34
20140,Male,58
46903,Female,62
61333,Female,78
7403,Female,51
69370,Male,78
43549,Female,40
2903,Female,35
70268,Male,82
11003,Female,46
61475,Female,51
27608,Female,53
9923,Male,55
28091,Female,43
59749,Male,81
8719,Male,12
58154,Female,20
31712,Female,53
14249,Female,1.32
30693,Female,22
18866,Female,75
36909,Female,66
63562,Male,7
29352,Female,26
44024,Female,14
24068,Female,32
57602,Male,6
16536,Female,42
6639,Male,4
6528,Male,75
42594,Male,80
59045,Female,52
31608,Male,11
47949,Male,14
41362,Female,74
18187,Male,58
8983,Female,80
20098,Female,31
3777,Female,28
11651,Female,25
28527,Male,71
63282,Female,51
37038,Male,15
4528,Male,45
41665,Male,53
26539,Male,69
25325,Female,42
69462,Female,4
29816,Male,64
47784,Female,5
18181,Male,44
8614,Male,78
347,Female,16
61336,Female,69
27647,Male,80
25676,Female,7
65894,Female,2
2291,Female,80
25630,Female,69
38575,Male,58
29326,Female,75
59292,Female,60
52051,Female,75
64508,Female,10
36593,Male,38
39834,Male,28
54111,Female,3
53476,Female,31
479,Female,59
37237,Female,31
5496,Female,45
56075,Female,58
46130,Female,57
7730,Male,31
12380,Male,43
15324,Female,40
11658,Male,1.08
22778,Male,34
4128,Female,55
36825,Female,39
1454,Female,42
12674,Male,44
55375,Male,69
3726,Male,16
48652,Female,8
68657,Female,1.48
17337,Female,1.88
44831,Female,69
68420,Female,13
39632,Female,53
49095,Female,16
46292,Male,64
43492,Female,7
55766,Male,41
17740,Male,65
64189,Male,61
24202,Male,63
32514,Male,1.8
9866,Female,54
54816,Female,14
59880,Male,45
20625,Male,51
65969,Male,8
56923,Male,52
44001,Female,39
51852,Female,13
27176,Female,69
70874,Male,71
34287,Female,73
23052,Female,54
67499,Male,10
5380,Female,26
20154,Female,41
29546,Male,71
3718,Female,46
43734,Male,15
41917,Female,29
8050,Male,8
44426,Female,21
34700,Female,56
70230,Female,14
68721,Female,78
23170,Female,36
5731,Female,57
62791,Male,79
18943,Male,26
45472,Male,22
3942,Male,72
30201,Female,54
38284,Male,8
53552,Female,62
59663,Female,28
68631,Female,50
49900,Male,7
18140,Female,33
52340,Male,55
2327,Female,25
55137,Female,25
458,Female,37
57044,Male,58
71548,Male,45
67438,Female,60
36524,Male,66
61827,Male,80
31454,Female,38
15663,Female,11
4707,Female,63
55885,Male,19
47563,Female,17
63729,Female,19
5286,Female,40
29878,Male,49
42628,Female,69
5006,Female,46
11250,Male,78
41858,Female,63
15742,Female,3
27300,Female,1.8
34965,Female,18
65748,Female,46
44635,Female,8
72284,Female,53
20217,Female,38
44259,Female,74
52668,Female,24
37446,Male,78
46895,Male,60
57667,Male,12
41962,Female,32
25495,Male,5
2029,Female,40
13993,Female,19
18876,Female,28
22865,Female,61
365,Female,44
37631,Male,50
5500,Female,50
53217,Female,18
56712,Male,1.64
10055,Female,37
4959,Female,5
22155,Female,39
22860,Female,65
6960,Female,26
57209,Male,42
66581,Female,34
17347,Female,45
58422,Male,43
19043,Female,40
52897,Male,35
16329,Female,2
40353,Female,61
56778,Male,64
41153,Female,32
63725,Male,23
19675,Female,51
72784,Female,52
8541,Female,75
45565,Female,40
36431,Male,39
6171,Male,6
29419,Female,32
65673,Female,55
64662,Female,23
51693,Female,52
50495,Male,58
37086,Male,17
71396,Male,3
27854,Female,23
53759,Male,56
14407,Male,45
887,Female,14
13328,Female,45
62507,Female,57
51797,Female,35
61536,Female,8
71221,Female,42
6948,Male,8
66083,Male,62
21238,Female,43
70992,Female,8
20376,Male,40
6613,Male,2
27818,Female,27
3062,Female,47
11692,Female,53
25070,Male,62
39556,Male,50
18437,Male,26
59540,Female,19
13857,Male,0.32
57924,Female,45
38069,Male,45
48871,Female,54
63420,Male,64
67665,Male,2
50638,Female,66
43892,Female,73
9335,Female,31
38830,Female,1.88
14019,Female,58
65888,Male,12
62986,Female,60
61409,Male,32
72041,Male,23
51584,Male,26
56476,Male,36
51740,Female,3
45983,Male,21
16079,Female,67
24920,Female,35
72818,Female,26
65944,Female,47
63836,Male,81
46729,Female,1.64
44642,Male,52
70693,Female,28
54065,Female,45
9926,Male,20
29201,Male,1.56
33308,Female,65
15937,Male,45
53748,Male,77
47803,Male,37
41554,Female,50
69435,Female,0.56
41049,Female,30
13859,Female,31
24257,Male,4
14417,Male,65
45260,Female,68
12807,Female,63
71417,Male,46
37479,Female,54
23850,Male,66
17791,Female,29
2544,Male,78
4961,Male,56
2702,Female,57
11208,Female,2
4077,Male,49
36548,Male,31
71596,Female,47
61050,Male,37
6172,Female,79
15098,Female,65
34895,Male,61
6443,Female,66
67635,Male,24
19931,Male,66
57302,Female,64
26197,Female,38
54982,Female,7
13398,Female,63
21101,Male,71
39958,Male,18
51894,Female,65
56001,Male,57
56137,Female,62
25900,Male,1.8
69213,Male,35
38613,Female,50
27660,Female,73
33790,Female,23
50845,Female,32
44628,Female,38
38951,Female,50
52792,Female,39
27675,Female,7
6903,Female,15
35463,Male,67
172,Male,8
16876,Female,32
60926,Male,5
21333,Male,56
69183,Male,49
2313,Female,75
8041,Female,11
68171,Male,61
27948,Male,76
45673,Female,34
50810,Male,20
2467,Female,79
64165,Female,24
22352,Female,39
62990,Female,55
1737,Female,16
26357,Male,36
28013,Female,38
24727,Male,20
37608,Female,38
13870,Female,52
4655,Male,49
55356,Female,80
49400,Male,75
38132,Female,13
50136,Female,54
3094,Male,28
42727,Female,61
41500,Male,0.16
33185,Male,59
7057,Male,12
48244,Female,38
69559,Male,15
61757,Male,31
10541,Male,52
48169,Female,61
64202,Male,50
7069,Female,41
52050,Male,20
31692,Male,67
11192,Female,45
69404,Male,73
42700,Female,52
7638,Female,51
7298,Female,56
43615,Female,49
18134,Male,10
19324,Female,51
18827,Male,57
68291,Male,76
70661,Female,28
6019,Female,57
56616,Male,39
14399,Female,41
8009,Female,72
30961,Male,45
24201,Male,33
18032,Male,62
62396,Female,27
67055,Female,31
51024,Female,24
60774,Male,1.88
35039,Female,28
46141,Female,24
54240,Female,30
15929,Male,38
19849,Female,1.64
43282,Male,0.72
50372,Male,57
5834,Female,27
69847,Female,30
67277,Male,42
41181,Male,36
36388,Male,44
49272,Male,59
52024,Female,61
58508,Female,18
64159,Female,44
29453,Male,16
52838,Male,13
43024,Male,9
8247,Male,0.16
42159,Female,81
37761,Female,38
27624,Female,58
40242,Male,5
4383,Female,64
58577,Female,38
59916,Female,56
44526,Male,58
12990,Male,9
14414,Female,34
46343,Female,79
29539,Male,62
10924,Female,60
30248,Female,42
39769,Female,59
28778,Female,54
65257,Male,59
7233,Male,15
67773,Female,14
14993,Male,5
59054,Male,17
22554,Female,13
72512,Female,48
56195,Male,37
7524,Female,69
45795,Female,74
64433,Male,54
70106,Female,64
50072,Female,26
52530,Male,55
768,Female,74
40255,Female,0.48
50073,Female,41
52439,Male,68
65379,Male,9
38605,Female,36
35772,Male,17
38014,Male,24
68330,Female,69
47271,Male,38
26330,Female,69
24022,Female,32
45622,Female,25
60732,Male,2
53694,Male,79
11280,Female,28
28734,Female,16
12693,Male,31
17683,Male,66
36155,Female,57
31390,Female,61
10636,Female,74
71659,Female,70
52305,Female,8
9602,Female,49
68407,Male,30
72011,Male,51
40568,Female,10
50206,Female,34
41191,Male,40
7129,Male,3
45485,Female,45
32023,Male,4
33064,Male,52
60896,Male,68
2109,Female,8
27705,Female,82
36850,Male,36
52500,Female,42
43698,Female,27
49901,Male,55
69120,Female,31
25510,Male,82
60416,Female,57
15135,Female,78
34660,Male,55
11713,Male,51
40704,Male,80
71298,Female,17
54497,Female,61
30129,Female,62
44965,Female,14
38549,Female,62
39236,Female,56
50545,Male,41
28435,Female,59
4631,Male,29
9912,Male,39
43028,Male,66
38894,Female,35
41238,Female,36
51828,Male,35
64196,Male,26
10626,Female,31
4117,Female,56
37993,Female,36
57765,Female,41
7841,Female,50
18398,Female,42
50210,Male,79
52461,Male,57
32523,Male,68
49509,Female,25
16377,Male,69
13902,Female,42
44047,Male,37
34184,Female,2
11312,Female,78
39616,Female,36
57322,Male,10
28011,Male,39
242,Male,4
18178,Female,48
51823,Male,72
23439,Male,63
12594,Female,28
2692,Female,80
26062,Male,49
6805,Male,57
45817,Female,59
66306,Female,43
62167,Female,47
16627,Male,54
34285,Male,57
71151,Male,56
2580,Male,66
11891,Male,18
57080,Female,81
47456,Male,30
56139,Male,8
12857,Male,55
40980,Male,79
47668,Female,49
72792,Female,53
37728,Female,26
47410,Female,14
56450,Male,25
9189,Female,20
71966,Female,18
59272,Male,38
45563,Female,72
19907,Female,52
40163,Female,82
62738,Male,71
51651,Male,46
39940,Female,33
8122,Female,37
71057,Female,54
67921,Female,5
12834,Male,45
56567,Male,14
11872,Male,5
6574,Female,35
5294,Female,20
10870,Male,51
15062,Male,40
46454,Female,79
31795,Male,61
62395,Male,33
42760,Female,27
27119,Female,28
47113,Female,67
36045,Female,35
54871,Female,78
48824,Female,20
67356,Female,43
70670,Female,27
58477,Female,45
53636,Female,11
24262,Female,31
33886,Female,30
59126,Female,27
31697,Female,34
10018,Male,19
52447,Female,3
23238,Male,53
4148,Male,81
63404,Female,44
13540,Female,59
44288,Male,43
23194,Male,32
751,Female,5
7047,Female,31
68020,Male,47
11325,Female,12
25636,Male,40
60602,Female,49
51856,Male,38
13031,Female,15
19498,Female,81
51476,Male,48
49762,Female,24
23449,Male,47
51374,Female,13
41263,Female,16
6599,Male,64
16320,Female,11
64670,Female,55
35941,Male,38
64931,Male,37
27416,Female,34
43433,Female,52
21366,Female,50
14658,Female,37
7538,Female,55
52092,Female,2
45372,Male,68
63043,Female,27
67,Female,17
68034,Female,53
63026,Male,5
18352,Female,3
36087,Female,20
27480,Male,19
38074,Female,31
66690,Female,63
31131,Female,49
26884,Female,72
26935,Female,50
17569,Male,41
24585,Male,40
53954,Male,17
13286,Male,3
7653,Female,33
59027,Female,12
70318,Male,23
15422,Male,31
56692,Female,65
45395,Female,43
39977,Female,22
14553,Male,7
40998,Female,81
71900,Female,10
3318,Female,18
41481,Female,5
24854,Female,24
22330,Female,45
14892,Female,46
36710,Male,64
29267,Male,25
17098,Female,12
61384,Male,81
69732,Male,65
61238,Female,40
18696,Male,81
25643,Male,36
63333,Female,32
23210,Male,31
2647,Male,55
60934,Male,39
50412,Female,17
1192,Female,31
55361,Female,36
50141,Female,5
12963,Female,29
55337,Female,2
23989,Female,62
26025,Female,45
67711,Female,18
53105,Female,29
10696,Female,52
43656,Male,59
52361,Male,69
57343,Female,71
23339,Male,3
51408,Male,33
47886,Female,43
21407,Male,39
34026,Female,60
53004,Female,54
18833,Male,61
69222,Male,0.24
32610,Female,11
57645,Female,75
21677,Female,64
50410,Female,78
25051,Female,14
31642,Female,66
60455,Male,48
52172,Female,44
69647,Male,30
24972,Male,1.48
13172,Female,61
31911,Female,54
34415,Female,22
53219,Male,47
7924,Female,67
72491,Male,53
59058,Female,45
52619,Female,65
36162,Male,39
68371,Male,57
21067,Female,45
25718,Female,28
24421,Male,30
69528,Female,31
56594,Female,70
35095,Female,17
30002,Male,44
71143,Male,65
32669,Male,6
17174,Male,15
2818,Female,80
30650,Male,54
3013,Female,79
42806,Female,60
6390,Female,12
46647,Female,36
6625,Female,54
49605,Male,63
72940,Female,2
24783,Female,28
22515,Female,38
3700,Male,37
53802,Male,80
49955,Male,43
2456,Male,60
71515,Female,66
44662,Female,45
38661,Female,29
15978,Male,4
35210,Female,48
49930,Female,68
27789,Female,57
45325,Female,29
31092,Female,30
40705,Female,47
28513,Female,73
12367,Female,66
63915,Female,39
10166,Male,66
35999,Female,52
8964,Female,34
38207,Female,79
52681,Female,39
38980,Male,61
33924,Female,26
10135,Female,37
46517,Female,66
65966,Female,16
56575,Female,51
43138,Male,15
36633,Male,1.72
11632,Male,60
31153,Male,66
52247,Female,75
61987,Female,40
64416,Female,52
31708,Female,13
62296,Female,44
53976,Female,37
16446,Male,2
51329,Female,48
33560,Female,81
37866,Female,76
8553,Female,58
5654,Female,11
17238,Female,9
45252,Male,54
14444,Female,37
46503,Female,16
18578,Male,11
917,Female,32
60981,Female,26
28873,Female,21
25446,Female,45
54127,Female,40
63478,Female,41
15464,Female,71
63312,Male,16
55681,Female,7
63804,Female,27
10321,Female,22
56339,Female,79
56277,Female,38
33657,Female,64
7054,Male,4
72393,Female,23
68059,Male,35
14996,Male,66
841,Male,34
22880,Female,19
1552,Male,73
68853,Female,70
49190,Female,45
49277,Female,34
711,Male,81
1953,Female,0.72
34900,Male,13
13237,Male,57
61684,Female,38
28382,Male,21
13768,Female,38
32726,Female,41
65729,Female,26
6422,Female,48
11382,Male,18
31703,Male,66
33439,Female,27
5647,Female,18
1847,Female,20
12900,Male,11
28367,Female,7
71551,Female,54
13846,Male,43
61667,Female,61
46079,Male,31
7871,Female,40
60964,Female,71
72562,Female,57
63773,Female,13
53998,Female,21
16617,Female,63
54117,Male,7
5987,Female,78
72215,Female,66
39796,Male,41
12345,Male,11
65636,Male,55
47356,Female,42
27859,Male,51
41715,Female,79
38617,Male,28
32638,Female,73
47799,Female,42
41942,Female,37
69010,Male,78
47144,Female,74
65103,Female,59
6472,Female,78
27596,Female,82
59522,Male,71
51512,Female,19
53821,Male,18
51532,Female,53
50070,Female,62
41654,Male,3
5714,Female,49
2304,Male,51
8543,Female,53
45279,Female,10
57870,Male,54
56961,Female,40
8623,Female,3
21346,Female,12
36922,Male,56
19814,Female,43
22151,Female,28
47802,Male,28
25404,Male,56
43487,Female,14
58313,Female,63
16629,Female,29
60675,Female,48
1119,Male,47
64864,Male,63
55244,Male,40
23568,Female,40
56979,Male,55
66006,Female,43
40447,Female,59
62798,Female,78
38397,Female,27
66945,Female,49
44992,Male,14
50009,Female,17
5170,Male,42
16263,Female,36
16024,Male,19
47057,Male,55
34045,Female,8
59691,Female,56
49261,Male,54
30734,Male,15
72184,Female,43
37440,Male,52
54400,Female,62
56547,Male,54
13598,Male,60
24246,Male,7
29276,Male,3
20979,Female,39
46048,Male,60
35217,Female,60
11816,Female,46
48721,Male,26
24163,Female,12
8022,Male,16
10950,Female,2
21830,Female,82
26594,Female,32
14789,Female,62
46670,Female,75
31426,Female,81
64435,Female,37
68789,Female,28
56254,Female,25
17478,Male,44
59908,Female,11
34130,Male,54
22282,Male,52
21110,Female,43
71622,Female,56
10056,Female,37
2424,Male,60
24736,Female,4
8920,Female,51
62715,Male,82
70615,Female,56
43507,Female,60
43035,Male,35
44799,Female,32
49053,Female,45
33102,Male,10
59405,Female,68
18283,Female,51
4929,Male,8
37289,Female,63
6202,Male,4
24106,Female,33
32126,Female,56
56322,Male,49
54869,Female,30
40887,Male,16
29764,Female,1.8
38287,Male,54
53426,Male,49
14943,Female,17
65351,Male,11
61830,Male,51
71777,Male,74
69059,Female,42
11908,Female,69
24955,Female,22
61477,Female,25
724,Male,17
22614,Male,64
61997,Female,50
6605,Male,52
46987,Female,65
70428,Female,37
2267,Female,31
25476,Female,52
52960,Female,56
56600,Female,43
9394,Male,11
42400,Female,2
36210,Female,16
34416,Male,23
37192,Female,40
20237,Male,15
60635,Male,48
32571,Male,33
52368,Male,46
66786,Female,53
12668,Male,68
64155,Male,60
17885,Male,57
18930,Female,51
15728,Female,0.4
71846,Female,76
37515,Female,46
25763,Female,23
16566,Male,9
30836,Female,53
68060,Male,4
51958,Female,62
45285,Male,37
19271,Female,82
6576,Female,33
6850,Male,3
25798,Male,14
28611,Male,16
15061,Male,40
40323,Female,18
40842,Female,29
23765,Female,56
66287,Male,33
50804,Male,2
25927,Male,36
41970,Male,30
54206,Female,31
46691,Male,16
37553,Male,58
27507,Female,19
68209,Male,47
42841,Male,59
51889,Female,40
72725,Female,26
18605,Female,17
23599,Female,30
45530,Female,19
56425,Female,78
69972,Female,55
5774,Male,59
13307,Male,57
72188,Male,33
60226,Female,35
34940,Male,32
4403,Female,55
33051,Male,28
37668,Male,25
27276,Female,45
37808,Female,34
21678,Male,33
40087,Male,65
38658,Female,62
30353,Male,36
28803,Male,31
10445,Male,54
12812,Female,53
72289,Female,44
30433,Male,77
37640,Female,67
54378,Female,48
34138,Male,42
72160,Male,72
44447,Male,49
5927,Female,1.32
44233,Female,45
56021,Female,63
65038,Female,33
3595,Male,32
25783,Female,0.48
68268,Female,63
7564,Male,70
26723,Female,57
9995,Male,8
68074,Male,54
8385,Male,37
21796,Male,59
53115,Female,78
27623,Female,59
70823,Female,10
5173,Male,21
21852,Male,2
24711,Female,55
21967,Female,20
36793,Female,38
37492,Female,33
45658,Male,14
6264,Male,32
37507,Female,32
50557,Female,68
21973,Male,70
53346,Female,24
41210,Male,44
29078,Male,39
24873,Female,81
15387,Male,19
63880,Female,69
49833,Female,42
43773,Male,8
53095,Male,8
56185,Female,28
57043,Female,66
55545,Female,66
60899,Female,47
16136,Female,78
11843,Female,65
3609,Male,78
29172,Female,68
49894,Female,78
6048,Female,65
16029,Female,70
63022,Female,59
40041,Male,31
6924,Female,32
22590,Male,5
25878,Male,55
11169,Female,61
44355,Female,48
31113,Female,1.16
46514,Female,50
67466,Male,63
3612,Male,67
66590,Female,43
19611,Male,59
47216,Male,47
55591,Male,50
24381,Male,51
8037,Male,44
23911,Female,39
31596,Female,24
44647,Male,62
51486,Female,61
18263,Female,78
41930,Male,15
45922,Female,23
52934,Male,79
18020,Male,57
2044,Female,70
63467,Male,9
38642,Male,55
5387,Female,82
68417,Female,19
22477,Male,41
23968,Female,79
8111,Female,23
15282,Female,77
54395,Female,78
25408,Female,24
69284,Female,81
28348,Female,46
46015,Female,29
69047,Female,59
39706,Male,41
9143,Female,17
64879,Female,8
17130,Female,23
16420,Female,45
7529,Male,67
54022,Female,78
35660,Male,18
50605,Female,35
27803,Female,54
68981,Female,71
61505,Female,24
70677,Male,60
49620,Male,75
5319,Male,48
51100,Male,62
163,Female,20
55140,Male,69
52882,Female,60
54344,Female,12
2550,Female,28
58610,Female,55
16902,Female,70
60603,Female,51
808,Female,16
61881,Male,56
41600,Male,52
12786,Female,59
11935,Female,9
44655,Female,34
48644,Female,47
41527,Male,46
50975,Male,49
49179,Male,10
27509,Female,76
19191,Male,82
25149,Female,3
42626,Female,76
2578,Male,16
55975,Female,44
62182,Female,17
12037,Female,73
21963,Male,31
26250,Male,17
13960,Female,18
56573,Male,73
10659,Female,8
50763,Male,42
62075,Female,40
10119,Male,79
48127,Male,53
65892,Female,58
33370,Female,48
59049,Female,17
53896,Female,23
21980,Male,9
70497,Female,81
58652,Female,16
30335,Male,21
26305,Male,29
31227,Male,8
5581,Female,39
1989,Male,37
43803,Female,64
41395,Male,9
71784,Male,17
57979,Male,8
54437,Male,62
67159,Male,73
7230,Male,48
68306,Male,17
33087,Female,10
40850,Female,74
57612,Male,62
37029,Male,5
338,Female,43
9565,Female,39
3623,Female,37
69723,Male,15
47662,Female,36
58495,Male,34
71222,Male,75
37865,Male,53
20185,Female,61
41875,Female,45
67602,Female,17
40387,Female,17
43208,Female,19
54324,Female,54
51110,Female,51
36969,Female,44
48118,Female,82
4607,Female,49
62471,Female,34
43821,Female,63
7218,Female,79
23427,Female,81
66014,Female,14
41652,Female,31
16605,Male,57
42091,Male,32
66067,Male,66
50222,Female,22
41214,Female,1.32
72386,Female,20
14918,Female,41
55457,Female,48
63323,Male,49
35446,Male,73
8208,Male,19
5131,Female,51
68157,Male,1.08
4795,Female,31
7581,Male,4
47383,Male,1.8
14036,Male,44
25942,Female,4
24018,Male,55
27801,Female,34
52978,Female,30
15593,Female,7
11098,Male,75
12015,Male,14
47348,Female,61
44155,Female,55
62656,Female,14
8838,Female,36
42563,Female,57
31254,Female,20
27922,Male,32
1696,Female,43
54162,Male,43
70396,Female,1.08
65907,Female,49
49451,Female,53
68601,Female,18
13236,Female,13
65998,Male,5
5875,Female,37
47427,Male,49
29734,Female,45
72715,Female,50
59847,Female,12
59911,Male,12
13583,Female,5
22897,Male,39
11898,Female,41
14785,Female,41
45163,Female,47
57254,Female,57
30658,Male,16
32617,Male,3
65376,Female,65
1731,Female,80
38441,Female,58
22147,Female,74
50663,Female,62
19165,Male,33
60562,Female,21
22013,Female,17
39936,Female,49
6517,Female,24
62576,Female,56
18636,Female,26
24299,Male,54
40826,Female,42
53323,Female,34
28717,Female,56
53028,Female,39
57757,Female,77
54795,Female,12
70267,Male,65
34084,Male,7
20258,Male,25
65333,Female,31
56629,Female,14
22417,Female,5
49925,Female,60
72696,Female,53
39708,Male,55
60426,Female,69
70540,Female,39
37622,Female,0.32
44813,Female,34
47153,Female,80
8175,Male,20
61528,Female,45
38771,Female,41
31189,Male,54
27804,Male,23
41842,Male,75
11962,Male,36
45404,Female,75
4062,Male,72
63650,Female,47
72186,Female,15
40240,Male,40
25931,Female,71
21292,Male,38
25391,Female,10
65469,Male,11
29487,Male,0.72
63575,Male,9
30457,Female,53
5951,Male,28
8690,Female,81
32147,Male,1.32
47691,Male,16
25982,Male,24
70058,Female,62
61868,Female,62
46086,Female,59
68596,Female,19
10281,Female,51
31409,Male,38
54067,Female,26
9731,Male,13
24009,Male,4
61694,Male,55
7453,Female,44
66405,Female,31
2138,Male,58
66650,Female,17
59945,Female,23
16245,Male,51
68094,Female,46
64661,Female,81
61376,Male,38
47236,Female,50
875,Female,34
63986,Male,60
55410,Female,50
63287,Female,49
3720,Female,2
20274,Male,47
50338,Female,34
58209,Female,22
20634,Female,11
3251,Male,54
12677,Female,60
45160,Male,3
67940,Female,46
8145,Male,30
39393,Female,63
57710,Female,50
12487,Male,65
16513,Male,78
42297,Female,36
63656,Female,18
56233,Female,44
22591,Female,4
23757,Female,60
19601,Female,19
61801,Male,15
949,Male,20
10995,Male,76
1503,Male,31
37431,Female,39
53697,Male,58
67012,Male,64
30525,Female,79
25860,Female,11
21743,Male,4
25833,Female,43
64652,Female,44
45710,Female,37
27853,Female,34
5964,Female,59
6976,Female,40
11145,Female,8
39229,Female,24
14189,Male,18
49929,Male,20
56328,Female,70
26742,Female,68
63158,Male,17
27435,Female,17
10829,Female,21
70593,Female,38
42647,Female,59
48109,Female,79
40732,Female,50
58635,Female,72
844,Female,54
14688,Female,44
23026,Female,48
30463,Male,29
50140,Female,44
36837,Female,61
57333,Female,58
19826,Female,81
37713,Male,29
6278,Male,5
15517,Female,35
25326,Female,40
57034,Female,37
70718,Male,33
47461,Female,35
50091,Female,38
62416,Female,26
5288,Male,10
66951,Female,72
28335,Male,21
67465,Female,20
67426,Female,1.24
19508,Female,26
65405,Female,79
49773,Female,78
57159,Male,56
69710,Female,46
58834,Male,55
42007,Male,41
5121,Male,30
44878,Male,53
40220,Male,32
19692,Male,38
27616,Male,33
19801,Female,44
21467,Male,44
25102,Female,51
28788,Male,40
29028,Female,41
15581,Male,5
16738,Female,42
31836,Female,6
43496,Female,46
52677,Female,47
11630,Female,25
53478,Female,40
38349,Female,49
48425,Male,21
64420,Female,61
60271,Male,78
38009,Male,41
11184,Female,82
68967,Male,39
66684,Male,70
7789,Female,31
40112,Female,37
65814,Male,21
49598,Male,80
15599,Female,21
62425,Female,5
52652,Male,81
71957,Female,35
17231,Female,24
30379,Female,52
63997,Male,70
39935,Female,34
8203,Male,17
27446,Female,8
42709,Male,1.72
22691,Female,29
37680,Male,55
24552,Female,44
72914,Female,19
29540,Male,67
53525,Female,72
65411,Female,51
26214,Female,63
22190,Female,64
56714,Female,0.72
4211,Male,26
6369,Male,59
56799,Male,76
32235,Female,45
28048,Male,13
68598,Male,1.08
41512,Male,57
64520,Male,68
579,Male,9
7293,Male,40
68398,Male,82
36901,Female,45
45010,Female,57
22127,Female,18
14180,Female,13
18234,Female,80
44873,Female,81
19723,Female,35
37544,Male,51
44679,Female,44
